wavelength_um,10K_ujy,15K_ujy,30K_ujy
28,3.8725322059025333e-16,3.1509808815030455e-09,0.010816339341637548
92,0.03650903414399158,1.9865477462281242,45.84871857525912
100,0.09933774851361893,3.5621549616201262,54.32999592123376
126,0.9669101472246698,12.893539054364243,74.11069693364706
183,11.065222245589574,45.288638114700895,83.4763396895347
235,29.81564538113732,69.01229261899964,75.02416683215375
450,82.33171356063178,77.068740459173,37.600358236262096
850,64.65297312123883,40.624232126436375,14.005645281840227
1300,39.58139951264603,21.754763791141443,6.651975283456113
3000,10.595229114204548,5.127997570068418,1.3931175864732348
